WAVE,FLUX
3995.2588945382,0.9855774641036987
3995.723537776785,0.9800752997398376
3996.1881810153704,0.9824616312980652
3996.6528242539557,0.9886023998260498
3997.117467492541,0.9858835339546204
3997.5821107311267,0.983564555644989
3998.046753969712,0.9831974506378174
3998.5113972082972,0.9804019331932068
3998.9760404468825,0.9835175275802612
3999.440683685468,0.9940878748893738
3999.905326924053,0.9949402809143066
4000.3699701626383,0.9904620051383972
4000.8346134012236,0.9888493418693542
4001.2992566398093,0.9885433912277222
4001.7638998783946,0.9936190247535706
4002.22854311698,0.9976444244384766
4002.693186355565,0.9966314435005188
4003.1578295941504,0.9926748275756836
4003.6224728327356,0.9944809675216675
4004.087116071321,0.9954116344451904
4004.551759309906,0.9918879270553589
4005.0164025484914,0.9882928133010864
4005.481045787077,0.9890543222427368
4005.9456890256624,0.9896124601364136
4006.4103322642477,0.9835100769996643
4006.874975502833,0.9772648811340332
4007.3396187414182,0.9700161814689636
4007.8042619800035,0.9628089070320129
4008.2689052185888,0.9599149823188782
4008.733548457174,0.9614503979682922
4009.1981916957598,0.9614896774291992
4009.662834934345,0.9633081555366516
4010.1274781729303,0.9734520316123962
4010.5921214115156,0.9815008044242859
4011.056764650101,0.9874081611633301
4011.521407888686,0.9934324026107788
4011.9860511272714,0.9942047595977783
4012.4506943658566,0.9972329139709473
4012.915337604442,0.9943457245826721
4013.3799808430276,1.0033485889434814
4013.844624081613,1.0094841718673706
4014.309267320198,1.0057083368301392
4014.7739105587834,1.0013673305511475
4015.2385537973687,1.004016399383545
4015.703197035954,1.006985068321228
4016.1678402745392,1.0091689825057983
4016.6324835131245,1.0106213092803955
4017.09712675171,1.0114271640777588
4017.5617699902955,1.0123770236968994
4018.0264132288808,1.0143117904663086
4018.491056467466,1.012743592262268
4018.9556997060513,1.0117095708847046
4019.4203429446366,1.0091392993927002
4019.884986183222,1.0101584196090698
4020.349629421807,1.0107249021530151
4020.8142726603924,1.002698302268982
4021.278915898978,0.9978274703025818
4021.7435591375634,0.995941698551178
4022.2082023761486,0.9877970218658447
4022.672845614734,0.9750258922576904
4023.137488853319,0.9583947062492371
4023.6021320919044,0.936198353767395
4024.0667753304897,0.9147696495056152
4024.531418569075,0.8874613642692566
4024.99606180766,0.8573888540267944
4025.460705046246,0.8471235036849976
4025.925348284831,0.8597701191902161
4026.3899915234165,0.8838606476783752
4026.8546347620018,0.9182734489440918
4027.319278000587,0.9472718834877014
4027.7839212391723,0.9718865752220154
4028.2485644777576,0.983167290687561
4028.713207716343,0.9863479137420654
4029.1778509549285,0.9952148795127869
4029.642494193514,1.004375696182251
4030.107137432099,1.0064390897750854
4030.5717806706843,1.0045571327209473
4031.0364239092696,1.0027183294296265
4031.501067147855,1.0022218227386475
4031.96571038644,1.003561019897461
4032.4303536250254,1.004345178604126
4032.8949968636107,1.0045086145401
4033.3596401021964,1.000842809677124
4033.8242833407817,0.9998413920402527
4034.288926579367,1.0065076351165771
4034.753569817952,1.0060925483703613
4035.2182130565375,1.0015857219696045
4035.6828562951227,1.0076771974563599
4036.147499533708,1.0074341297149658
4036.6121427722933,1.0071099996566772
4037.076786010879,1.0056514739990234
4037.5414292494643,1.004758358001709
4038.0060724880495,1.0056127309799194
4038.470715726635,1.007025122642517
4038.93535896522,1.0048694610595703
4039.4000022038053,1.0023324489593506
4039.8646454423906,0.9987675547599792
4040.329288680976,1.0009616613388062
4040.793931919561,1.0056594610214233
4041.258575158147,1.000390887260437
4041.723218396732,1.0038270950317383
4042.1878616353174,1.003294587135315
4042.6525048739027,0.999697744846344
4043.117148112488,0.9999664425849915
4043.581791351073,0.9957234263420105
4044.0464345896585,1.001166820526123
4044.5110778282437,1.0041680335998535
4044.9757210668295,1.0020204782485962
4045.4403643054147,0.9975861310958862
4045.905007544,1.0024839639663696
4046.3696507825853,1.0023388862609863
4046.8342940211705,1.0027960538864136
4047.298937259756,0.9970365166664124
4047.763580498341,0.9943576455116272
4048.2282237369263,0.9923782348632812
4048.6928669755116,0.9963391423225403
4049.1575102140973,0.9946786165237427
4049.6221534526826,0.9922809600830078
4050.086796691268,0.9974031448364258
4050.551439929853,0.9976271986961365
4051.0160831684384,0.9964395761489868
4051.4807264070237,0.9929383993148804
4051.945369645609,0.9911507368087769
4052.410012884194,0.9932495951652527
4052.87465612278,0.9911097288131714
4053.339299361365,0.9944233894348145
4053.8039425999505,1.0014301538467407
4054.2685858385357,1.0022375583648682
4054.733229077121,1.00223970413208
4055.1978723157063,0.9970908761024475
4055.6625155542915,0.9984582662582397
4056.127158792877,0.9954943656921387
4056.591802031462,0.9902844429016113
4057.056445270048,0.9918030500411987
4057.521088508633,0.9966525435447693
4057.9857317472183,0.9947871565818787
4058.4503749858036,0.9942843317985535
4058.915018224389,0.995278537273407
4059.379661462974,0.9915722608566284
4059.8443047015594,0.9920291304588318
4060.3089479401447,0.9961605072021484
4060.7735911787304,0.9944319725036621
4061.2382344173157,0.991826057434082
4061.702877655901,0.994097888469696
4062.167520894486,0.9946438074111938
4062.6321641330715,0.9904362559318542
4063.0968073716567,0.9889547228813171
4063.561450610242,0.9839578866958618
4064.0260938488273,0.9863304495811462
4064.4907370874125,0.9891295433044434
4064.9553803259982,0.989366888999939
4065.4200235645835,0.9839926958084106
4065.884666803169,0.9912411570549011
4066.349310041754,0.9860979318618774
4066.8139532803393,0.9826674461364746
4067.2785965189246,0.9830705523490906
4067.74323975751,0.9821573495864868
4068.207882996095,0.9837012887001038
4068.672526234681,0.9876999258995056
4069.137169473266,0.9827739596366882
4069.6018127118514,0.9781081676483154
4070.0664559504366,0.981657862663269
4070.531099189022,0.9821392297744751
4070.995742427607,0.9788861274719238
4071.4603856661925,0.975891649723053
4071.9250289047777,0.9723931550979614
4072.389672143363,0.9770692586898804
4072.8543153819487,0.9747108817100525
4073.318958620534,0.9671076536178589
4073.7836018591192,0.9697863459587097
4074.2482450977045,0.9648004770278931
4074.71288833629,0.9616537690162659
4075.177531574875,0.9579957127571106
4075.6421748134603,0.957240641117096
4076.1068180520456,0.9542240500450134
4076.5714612906313,0.9603786468505859
4077.0361045292166,0.9633188247680664
4077.500747767802,0.965273380279541
4077.965391006387,0.9640583992004395
4078.4300342449724,0.9689741730690002
4078.8946774835576,0.9692648649215698
4079.359320722143,0.9645622968673706
4079.823963960728,0.9628994464874268
4080.2886071993134,0.962377667427063
4080.753250437899,0.9612014293670654
4081.2178936764844,0.9601057171821594
4081.6825369150697,0.9603501558303833
4082.147180153655,0.955535888671875
4082.6118233922402,0.948988139629364
4083.0764666308255,0.9492883682250977
4083.541109869411,0.9469850063323975
4084.005753107996,0.943189799785614
4084.4703963465818,0.9410685896873474
4084.935039585167,0.9339128732681274
4085.3996828237523,0.9339370131492615
4085.8643260623376,0.9331716895103455
4086.328969300923,0.9304383397102356
4086.793612539508,0.9271304607391357
4087.2582557780934,0.9226498007774353
4087.7228990166786,0.9188300967216492
4088.187542255264,0.9157416820526123
4088.6521854938496,0.9073196053504944
4089.116828732435,0.902876079082489
4089.58147197102,0.8992800712585449
4090.0461152096054,0.8899977207183838
4090.5107584481907,0.8819879293441772
4090.975401686776,0.872427761554718
4091.4400449253612,0.8564693331718445
4091.9046881639465,0.8439056873321533
4092.369331402532,0.8327034115791321
4092.8339746411175,0.8197961449623108
4093.2986178797028,0.8089917898178101
4093.763261118288,0.7907821536064148
4094.2279043568733,0.775240957736969
4094.6925475954586,0.7536020874977112
4095.157190834044,0.7348368763923645
4095.621834072629,0.7100064158439636
4096.086477311214,0.6873588562011719
4096.5511205498,0.6640390753746033
4097.015763788385,0.6354384422302246
4097.48040702697,0.606025755405426
4097.945050265555,0.5746681094169617
4098.409693504142,0.5421232581138611
4098.874336742727,0.5115121006965637
4099.338979981312,0.4877391755580902
4099.803623219897,0.47349849343299866
4100.268266458483,0.4737255275249481
4100.732909697068,0.47707781195640564
4101.197552935653,0.4815089702606201
4101.6621961742385,0.481476366519928
4102.126839412824,0.47915714979171753
4102.591482651409,0.4842919409275055
4103.056125889994,0.4986000955104828
4103.52076912858,0.5297845005989075
4103.985412367165,0.5607262849807739
4104.45005560575,0.5936251878738403
4104.914698844335,0.6260901093482971
4105.379342082921,0.6549161672592163
4105.843985321506,0.6833087801933289
4106.308628560091,0.7103627324104309
4106.773271798677,0.7366093397140503
4107.237915037263,0.7532216906547546
4107.702558275848,0.7715441584587097
4108.167201514433,0.7923452854156494
4108.631844753018,0.8046334981918335
4109.096487991604,0.8197224736213684
4109.561131230189,0.8327434659004211
4110.025774468774,0.8462139368057251
4110.4904177073595,0.8608044981956482
4110.955060945945,0.8726202249526978
4111.41970418453,0.8821907043457031
4111.884347423115,0.8875129818916321
4112.348990661701,0.8972535133361816
4112.813633900286,0.9068351984024048
4113.278277138871,0.9069937467575073
4113.742920377456,0.912752628326416
4114.2075636160425,0.9197492599487305
4114.672206854628,0.9229124188423157
4115.136850093213,0.9326191544532776
4115.601493331798,0.9352336525917053
4116.066136570384,0.9414462447166443
4116.530779808969,0.9441718459129333
4116.995423047554,0.9470722675323486
4117.460066286139,0.9480811357498169
4117.924709524725,0.9479752779006958
4118.38935276331,0.9452130198478699
4118.853996001895,0.9421969056129456
4119.3186392404805,0.9367236495018005
4119.783282479066,0.9355675578117371
4120.247925717651,0.9358165860176086
4120.712568956236,0.9367865920066833
4121.177212194822,0.9393768310546875
4121.641855433407,0.9482570886611938
4122.106498671992,0.9596514105796814
4122.571141910578,0.9650444388389587
4123.0357851491635,0.9658623933792114
4123.500428387749,0.967363715171814
4123.965071626334,0.9685018658638
4124.429714864919,0.9710487127304077
4124.894358103505,0.9752755761146545
4125.35900134209,0.9724681377410889
4125.823644580675,0.9621631503105164
4126.28828781926,0.9490442872047424
4126.752931057846,0.9424343109130859
4127.217574296431,0.9404739141464233
4127.682217535016,0.9364984035491943
4128.1468607736015,0.9388464093208313
4128.611504012187,0.9466748237609863
4129.076147250772,0.9522000551223755
4129.540790489357,0.9460899829864502
4130.0054337279435,0.9329361319541931
4130.470076966529,0.9339761734008789
4130.934720205114,0.9445462226867676
4131.399363443699,0.9559694528579712
4131.8640066822845,0.9727733731269836
4132.32864992087,0.9848018884658813
4132.793293159455,0.9846841096878052
4133.25793639804,0.9855563640594482
4133.722579636626,0.9836960434913635
4134.187222875211,0.9836896657943726
4134.651866113796,0.9833856821060181
4135.116509352381,0.9810847640037537
4135.581152590967,0.9885345697402954
4136.045795829552,0.9905670881271362
4136.510439068137,0.9870394468307495
4136.9750823067225,0.9882200360298157
4137.439725545308,0.9871166348457336
4137.904368783893,0.9881909489631653
4138.369012022479,0.9809145331382751
4138.833655261064,0.9861742854118347
4139.29829849965,0.9814083576202393
4139.762941738235,0.9794533848762512
4140.22758497682,0.9761722683906555
4140.6922282154055,0.9744004011154175
4141.156871453991,0.9651919007301331
4141.621514692576,0.9539545178413391
4142.086157931161,0.9447301626205444
4142.550801169747,0.9315378665924072
4143.015444408332,0.9245970249176025
4143.480087646917,0.9247841835021973
4143.944730885502,0.9303423166275024
4144.409374124088,0.9451388120651245
4144.874017362673,0.9554252028465271
4145.338660601258,0.9644078016281128
4145.803303839844,0.9758040308952332
4146.26794707843,0.9842383861541748
4146.732590317015,0.9896765351295471
4147.1972335556,0.9917015433311462
4147.661876794185,0.9963376522064209
4148.126520032771,0.9958959221839905
4148.591163271356,0.9953559637069702
4149.055806509941,0.9938477277755737
4149.5204497485265,0.9932709336280823
4149.985092987112,0.9942713379859924
4150.449736225697,0.9948247671127319
4150.914379464282,0.9954387545585632
4151.379022702868,0.9982031583786011
4151.843665941453,0.9983355402946472
4152.308309180038,0.9939301013946533
4152.772952418623,0.9891939163208008
4153.237595657209,0.9951493740081787
4153.702238895794,0.9986799359321594
4154.16688213438,0.9958335161209106
4154.631525372965,0.999875545501709
4155.096168611551,1.0035803318023682
4155.560811850136,1.0012879371643066
4156.025455088721,1.0046606063842773
4156.490098327306,1.0034294128417969
4156.954741565892,1.0038118362426758
4157.419384804477,1.0054304599761963
4157.884028043062,0.9990570545196533
4158.3486712816475,0.9997684359550476
4158.813314520233,1.0046563148498535
4159.277957758818,1.0048468112945557
4159.742600997403,1.0001909732818604
4160.207244235989,1.0068901777267456
4160.671887474574,1.0200164318084717
4161.136530713159,0.9997447729110718
4161.601173951744,0.9937859773635864
4162.065817190331,0.9924455881118774
4162.530460428916,0.9922620058059692
4162.995103667501,0.9982792735099792
4163.459746906086,0.9978642463684082
4163.924390144672,1.0010770559310913
4164.389033383257,1.003594994544983
4164.853676621842,1.0014828443527222
4165.318319860427,0.999694287776947
4165.782963099013,1.0023953914642334
4166.247606337598,1.0019481182098389
4166.712249576183,0.9927531480789185
4167.1768928147685,0.9915522336959839
4167.641536053354,0.9940702319145203
4168.106179291939,0.9905336499214172
4168.570822530524,0.9866800308227539
4169.03546576911,0.9893722534179688
4169.500109007695,0.9952741861343384
4169.964752246281,0.9969370365142822
4170.429395484866,0.998187243938446
4170.894038723452,1.0018692016601562
4171.358681962037,1.000228762626648
4171.823325200622,0.9968514442443848
4172.287968439207,0.9938609004020691
4172.752611677793,0.9900288581848145
4173.217254916378,0.9902652502059937
4173.681898154963,0.9880619645118713
4174.146541393548,0.9869916439056396
4174.611184632134,0.9921870827674866
4175.075827870719,0.9950523376464844
4175.540471109304,0.9956788420677185
4176.0051143478895,1.000736117362976
4176.469757586475,0.9975930452346802
4176.93440082506,0.9946209192276001
4177.399044063645,0.9949356317520142
4177.8636873022315,0.9960573315620422
4178.328330540817,0.9935862421989441
4178.792973779402,0.9932888746261597
4179.257617017987,0.9972336888313293
4179.722260256573,1.000227928161621
4180.186903495158,1.0002309083938599
4180.651546733743,0.9982947111129761
4181.116189972328,0.9984347224235535
4181.580833210914,0.9966053366661072
4182.045476449499,0.9977256655693054
4182.510119688084,1.0014184713363647
4182.974762926669,0.9966142773628235
4183.439406165255,0.9951502680778503
4183.90404940384,0.9974870085716248
4184.368692642425,0.9995668530464172
4184.8333358810105,0.9986426830291748
4185.297979119596,1.0025548934936523
4185.762622358182,1.0016627311706543
4186.227265596767,0.9937213063240051
4186.6919088353525,0.9927510619163513
4187.156552073938,0.9948282241821289
4187.621195312523,0.9955748915672302
4188.085838551108,0.9998682141304016
4188.550481789694,0.9952179193496704
4189.015125028279,0.993431031703949
4189.479768266864,0.9932481646537781
4189.944411505449,0.9953473806381226
4190.409054744035,0.9936851859092712
4190.87369798262,0.9968438744544983
4191.338341221205,1.0007600784301758
4191.80298445979,0.9993306994438171
4192.267627698376,0.9999246597290039
4192.732270936961,1.000300407409668
4193.196914175546,0.9988607168197632
4193.661557414132,1.0017271041870117
4194.126200652718,1.0032200813293457
4194.590843891303,1.0023949146270752
4195.055487129888,0.9997571706771851
4195.5201303684735,0.9962196946144104
4195.984773607059,0.9989950656890869
4196.449416845644,1.0016425848007202
4196.914060084229,1.0043989419937134
4197.3787033228145,0.9991105198860168
4197.8433465614,0.9994008541107178
4198.307989799985,0.9970080256462097
4198.77263303857,0.9967532157897949
4199.237276277156,0.9942945837974548
4199.701919515741,0.9919632077217102
4200.166562754326,0.9939133524894714
4200.631205992911,0.995652973651886
4201.095849231497,0.9984347224235535
4201.560492470082,1.0046024322509766
4202.025135708668,0.9998460412025452
4202.489778947253,1.0003527402877808
4202.954422185839,0.9981144070625305
4203.419065424424,0.9985949397087097
4203.883708663009,0.9985320568084717
4204.3483519015945,0.9991713166236877
4204.81299514018,0.9980223178863525
4205.277638378765,0.9979206323623657
4205.74228161735,0.9986451864242554
4206.2069248559355,0.9960017800331116
4206.671568094521,0.998332679271698
4207.136211333106,1.0041745901107788
4207.600854571691,1.0053904056549072
4208.065497810277,1.0028274059295654
4208.530141048862,1.0017043352127075
4208.994784287447,1.003363847732544
4209.459427526033,1.002267599105835
4209.924070764619,0.9991980195045471
4210.388714003204,1.004108190536499
4210.853357241789,1.0026835203170776
4211.318000480374,1.0036187171936035
4211.78264371896,1.0040045976638794
4212.247286957545,1.003283143043518
4212.71193019613,1.006032109260559
4213.1765734347155,1.0036371946334839
4213.641216673301,1.0042119026184082
4214.105859911886,1.0011337995529175
4214.570503150471,1.00312340259552
4215.0351463890565,1.0045132637023926
4215.499789627642,1.0023728609085083
4215.964432866227,1.0004172325134277
4216.429076104812,1.0000677108764648
4216.893719343398,1.0016765594482422
4217.358362581983,1.0026410818099976
4217.823005820569,1.0035576820373535
4218.287649059154,1.002779245376587
4218.75229229774,1.0023452043533325
4219.216935536325,1.001593828201294
4219.68157877491,1.0006529092788696
4220.146222013495,1.0043236017227173
4220.610865252081,1.0074719190597534
4221.075508490666,1.0047812461853027
4221.540151729251,0.9984976649284363
4222.0047949678365,0.998593807220459
4222.469438206422,1.0059561729431152
4222.934081445007,1.0015337467193604
4223.398724683592,1.0000808238983154
4223.8633679221775,1.0015496015548706
4224.328011160763,1.0043971538543701
4224.792654399348,1.005109190940857
4225.257297637934,1.002028226852417
4225.7219408765195,1.001562237739563
4226.186584115105,0.9976071119308472
4226.65122735369,0.9997922778129578
4227.115870592275,1.0018924474716187
4227.580513830861,1.0068048238754272
4228.045157069446,1.0055451393127441
4228.509800308031,1.0046085119247437
4228.974443546616,1.0040940046310425
4229.439086785202,1.007961392402649
4229.903730023787,1.0059133768081665
4230.368373262372,1.0030725002288818
4230.8330165009575,1.0034397840499878
4231.297659739543,1.0024359226226807
4231.762302978128,0.9983714818954468
4232.226946216713,0.9938833713531494
4232.6915894552985,0.9971215128898621
4233.156232693884,1.0001757144927979
4233.62087593247,1.0000338554382324
4234.085519171055,1.0029631853103638
4234.5501624096405,1.0042181015014648
4235.014805648226,1.0027902126312256
4235.479448886811,1.0033471584320068
4235.944092125396,1.0051919221878052
4236.408735363982,1.0044095516204834
4236.873378602567,1.0073384046554565
4237.338021841152,1.0044808387756348
4237.802665079737,1.0013360977172852
4238.267308318323,1.0004850625991821
4238.731951556908,1.0031393766403198
4239.196594795493,1.0011214017868042
4239.661238034078,0.9997091293334961
4240.125881272664,1.00286865234375
4240.590524511249,0.9993792176246643
4241.055167749835,0.9991775751113892
4241.51981098842,0.9978431463241577
4241.984454227006,0.9976619482040405
4242.449097465591,1.0002964735031128
4242.913740704176,1.002068281173706
4243.3783839427615,1.0058985948562622
4243.843027181347,1.0056077241897583
4244.307670419932,1.0023642778396606
4244.772313658517,1.001847505569458
4245.236956897103,1.0073202848434448
4245.701600135688,1.010000467300415
4246.166243374273,1.0080569982528687
4246.630886612858,1.00255286693573
4247.095529851444,1.0015521049499512
4247.560173090029,1.0078718662261963
4248.024816328614,1.0060136318206787
4248.489459567199,1.0006998777389526
4248.954102805785,0.9991092085838318
4249.418746044371,1.0043365955352783
4249.883389282956,1.0054833889007568
4250.348032521541,1.0008636713027954
4250.812675760127,0.9993346333503723
4251.277318998712,1.0003471374511719
4251.741962237297,0.9987944960594177
4252.2066054758825,1.0008164644241333
4252.671248714468,1.0006344318389893
4253.135891953053,1.0010368824005127
4253.600535191638,0.9994399547576904
4254.065178430224,1.0012720823287964
4254.529821668809,1.0000437498092651
4254.994464907394,1.000461220741272
4255.459108145979,1.000587821006775
4255.923751384565,1.0014455318450928
4256.38839462315,1.0002236366271973
4256.853037861736,0.9987478852272034
4257.317681100321,0.9916521310806274
4257.782324338907,0.9914106130599976
4258.246967577492,0.9977850317955017
4258.711610816077,0.9996978640556335
4259.176254054662,0.996217668056488
4259.640897293248,0.9951838254928589
4260.105540531833,0.9957863092422485
4260.570183770418,0.9968987703323364
4261.0348270090035,0.9992581605911255
4261.499470247589,0.9966993927955627
4261.964113486174,0.9946269989013672
4262.428756724759,0.9991068840026855
4262.893399963345,0.9977738261222839
4263.35804320193,0.9927523136138916
4263.822686440515,0.9934946894645691
4264.2873296791,0.9921679496765137
4264.751972917686,0.9874427914619446
4265.216616156272,0.9824598431587219
4265.681259394857,0.9773085713386536
4266.145902633442,0.9666429162025452
4266.610545872028,0.9644861817359924
4267.075189110613,0.9643539786338806
4267.539832349198,0.9719410538673401
4268.004475587783,0.9832353591918945
4268.469118826369,0.9939720034599304
4268.933762064954,0.9926209449768066
4269.398405303539,0.997013509273529
4269.8630485421245,0.9961841106414795
4270.32769178071,0.9949194192886353
4270.792335019295,0.9957117438316345
4271.25697825788,0.996143639087677
4271.721621496466,0.9982011914253235
4272.186264735051,0.9945767521858215
4272.650907973637,0.9938110113143921
4273.115551212222,0.9948446750640869
4273.5801944508075,0.9920362234115601
4274.044837689393,0.9913100600242615
4274.509480927978,0.992767870426178
4274.974124166563,0.9980392456054688
4275.438767405149,0.9962158203125
4275.903410643734,0.9922960996627808
4276.368053882319,0.9940402507781982
4276.832697120904,0.9943561553955078
4277.29734035949,0.9935236573219299
4277.761983598075,0.9919981360435486
4278.22662683666,0.9931686520576477
4278.6912700752455,0.9931120276451111
4279.155913313831,0.997803270816803
4279.620556552416,0.9951931238174438
4280.085199791001,0.9947525262832642
4280.549843029587,1.0012750625610352
4281.014486268173,1.0028856992721558
4281.479129506758,0.9969329237937927
4281.943772745343,0.9947419762611389
4282.4084159839285,0.9961569309234619
4282.873059222514,0.9922155141830444
4283.337702461099,0.9929782748222351
4283.802345699684,0.9957606196403503
4284.26698893827,0.9987987875938416
4284.731632176855,0.9968039393424988
4285.19627541544,0.9946320056915283
4285.660918654025,0.9968220591545105
4286.125561892611,0.9950446486473083
4286.590205131196,0.9990145564079285
4287.054848369781,0.999972939491272
4287.5194916083665,0.9986312389373779
4287.984134846952,0.9990206956863403
4288.448778085538,0.9986518025398254
4288.913421324123,0.9981398582458496
4289.3780645627085,1.0020800828933716
4289.842707801294,0.9984551668167114
4290.307351039879,0.9987236261367798
4290.771994278464,1.0001733303070068
4291.2366375170495,0.9968731999397278
4291.701280755635,0.9957859516143799
4292.16592399422,1.0014480352401733
4292.630567232805,1.0023905038833618
4293.095210471391,0.9945371747016907
4293.559853709976,0.9961332082748413
4294.024496948561,0.9982457756996155
4294.489140187146,0.9973735809326172
4294.953783425732,0.9941962957382202
4295.418426664317,0.9950923323631287
4295.883069902902,0.9955799579620361
4296.3477131414875,0.9956824779510498
4296.812356380073,0.9955961108207703
4297.276999618659,1.0017945766448975
4297.741642857244,1.0007426738739014
4298.2062860958295,0.9981811046600342
4298.670929334415,0.9950425028800964
4299.135572573,0.9971500039100647
4299.600215811585,0.9947070479393005
4300.0648590501705,0.9945560693740845
4300.529502288756,0.9905523061752319
4300.994145527341,0.9867087006568909
4301.458788765926,0.9926356673240662
4301.923432004512,0.9878427982330322
4302.388075243097,0.9865307211875916
4302.852718481682,0.9901205897331238
4303.317361720267,0.9909990429878235
4303.782004958853,0.9913426637649536
4304.246648197438,0.993206262588501
4304.711291436024,0.9935733675956726
4305.175934674609,0.992992103099823
4305.640577913195,0.9913250803947449
4306.10522115178,0.9943123459815979
4306.569864390365,0.9971187710762024
4307.03450762895,0.9988115429878235
4307.499150867536,0.9926264882087708
4307.963794106121,0.9904727339744568
4308.428437344706,0.9928413033485413
4308.8930805832915,0.9932140111923218
4309.357723821877,0.9985923171043396
4309.822367060462,0.9949061870574951
4310.287010299047,0.988744854927063
4310.751653537633,0.9877595901489258
4311.216296776218,0.9915358424186707
4311.680940014803,0.9895495772361755
4312.145583253388,0.9840338230133057
4312.610226491974,0.9838120341300964
4313.07486973056,0.9870741963386536
4313.539512969145,0.9888134598731995
4314.00415620773,0.9892693161964417
4314.468799446316,0.9913195967674255
4314.933442684901,0.9872145056724548
4315.398085923486,0.9839305877685547
4315.862729162071,0.9798873662948608
4316.327372400657,0.9806614518165588
4316.792015639242,0.9818236231803894
4317.256658877827,0.9818165302276611
4317.7213021164125,0.9782495498657227
4318.185945354998,0.973555326461792
4318.650588593583,0.9714002013206482
4319.115231832168,0.9737632274627686
4319.579875070754,0.9748176336288452
4320.044518309339,0.9740729331970215
4320.509161547925,0.971407413482666
4320.97380478651,0.9713372588157654
4321.438448025096,0.9727003574371338
4321.903091263681,0.9712561368942261
4322.367734502266,0.9653610587120056
4322.832377740851,0.9606325030326843
4323.297020979437,0.9571437239646912
4323.761664218022,0.9566614031791687
4324.226307456607,0.9514106512069702
4324.690950695192,0.9454257488250732
4325.155593933778,0.943076491355896
4325.620237172363,0.9385040402412415
4326.084880410948,0.9319429993629456
4326.5495236495335,0.9307471513748169
4327.014166888119,0.9298964142799377
4327.478810126704,0.9210734963417053
4327.943453365289,0.9183372855186462
4328.408096603875,0.9110444784164429
4328.872739842461,0.900556743144989
4329.337383081046,0.8952712416648865
4329.802026319631,0.886512279510498
4330.266669558217,0.8735111951828003
4330.731312796802,0.8630848526954651
4331.195956035387,0.8509333729743958
4331.660599273972,0.83841472864151
4332.125242512558,0.8245911598205566
4332.589885751143,0.8071866035461426
4333.054528989728,0.7931695580482483
4333.519172228313,0.7737550735473633
4333.983815466899,0.7551976442337036
4334.448458705484,0.7303742170333862
4334.913101944069,0.7058069705963135
4335.3777451826545,0.679222583770752
4335.84238842124,0.6528372764587402
4336.307031659826,0.6265966892242432
4336.771674898411,0.6021239161491394
4337.2363181369965,0.5758113265037537
4337.700961375582,0.5527133941650391
4338.165604614167,0.5521453022956848
4338.630247852752,0.5598821043968201
4339.094891091338,0.5829575061798096
4339.559534329923,0.6069328784942627
4340.024177568508,0.608761191368103
4340.488820807093,0.5898619890213013
4340.953464045679,0.5615882277488708
4341.418107284264,0.5449954271316528
4341.882750522849,0.5458491444587708
4342.347393761434,0.5657410025596619
4342.81203700002,0.5944949984550476
4343.276680238605,0.625041127204895
4343.74132347719,0.6554311513900757
4344.2059667157755,0.6829678416252136
4344.670609954362,0.7083408236503601
4345.135253192947,0.7300236225128174
4345.599896431532,0.7522658109664917
4346.0645396701175,0.7738239765167236
4346.529182908703,0.7924959063529968
4346.993826147288,0.8114782571792603
4347.458469385873,0.8255317807197571
4347.923112624459,0.8384318947792053
4348.387755863044,0.8506271243095398
4348.852399101629,0.8639650344848633
4349.317042340214,0.8792171478271484
4349.7816855788,0.8882994055747986
4350.246328817385,0.8948207497596741
4350.71097205597,0.904156506061554
4351.175615294555,0.9069603681564331
4351.640258533141,0.9138847589492798
4352.104901771727,0.9254037141799927
4352.569545010312,0.9309464693069458
4353.034188248897,0.9350637197494507
4353.498831487483,0.9417306780815125
4353.963474726068,0.9433027505874634
4354.428117964653,0.9455111622810364
4354.8927612032385,0.9485238194465637
4355.357404441824,0.953623354434967
4355.822047680409,0.9619947075843811
4356.286690918994,0.9613195061683655
4356.75133415758,0.9643637537956238
4357.215977396165,0.96642005443573
4357.68062063475,0.9687375426292419
4358.145263873335,0.9746250510215759
4358.609907111921,0.9829353094100952
4359.074550350506,0.9828283786773682
4359.539193589091,0.9809088706970215
4360.003836827676,0.9799302816390991
4360.468480066263,0.97798091173172
4360.933123304848,0.9812033772468567
4361.397766543433,0.9873404502868652
4361.862409782018,0.9848204255104065
4362.327053020604,0.982993483543396
4362.791696259189,0.9813268780708313
4363.256339497774,0.9818993210792542
4363.7209827363595,0.9841276407241821
4364.185625974945,0.9842063188552856
4364.65026921353,0.988686740398407
4365.114912452115,0.9908803701400757
4365.5795556907005,0.9894238114356995
4366.044198929286,0.9910792112350464
4366.508842167871,0.9904206395149231
4366.973485406456,0.9906583428382874
4367.438128645042,0.9924052357673645
4367.902771883628,0.9907869696617126
4368.367415122213,0.9920662641525269
4368.832058360798,0.994164228439331
4369.296701599384,0.9937182068824768
4369.761344837969,0.993350088596344
4370.225988076554,0.9966428875923157
4370.690631315139,0.9949349164962769
4371.155274553725,0.995583713054657
4371.61991779231,0.9949317574501038
4372.084561030895,0.9939656257629395
4372.5492042694805,0.9960446953773499
4373.013847508066,0.9934395551681519
4373.478490746651,1.0030734539031982
4373.943133985236,0.9963036775588989
4374.4077772238215,0.9968193173408508
4374.872420462407,1.0023289918899536
4375.337063700992,0.9988866448402405
4375.801706939577,0.994226336479187
4376.2663501781635,0.9985905289649963
4376.730993416749,1.00039541721344
4377.195636655334,1.0009894371032715
4377.660279893919,0.9997043609619141
4378.124923132505,0.9960524439811707
4378.58956637109,1.0008583068847656
4379.054209609675,1.0012352466583252
4379.51885284826,1.002903938293457
4379.983496086846,1.0047268867492676
4380.448139325431,1.0017911195755005
4380.912782564016,1.000569224357605
4381.3774258026015,0.9971349835395813
4381.842069041187,0.9978607296943665
4382.306712279772,0.9903638362884521
4382.771355518357,0.988418698310852
4383.2359987569425,0.9805270433425903
4383.700641995529,0.9761677980422974
4384.165285234114,0.973392903804779
4384.629928472699,0.9699018597602844
4385.0945717112845,0.9687474370002747
4385.55921494987,0.9629784226417542
4386.023858188455,0.9488350749015808
4386.48850142704,0.9311291575431824
4386.953144665626,0.9197090268135071
4387.417787904211,0.9155566096305847
4387.882431142796,0.9220818281173706
4388.347074381381,0.9353529810905457
4388.811717619967,0.9479445815086365
4389.276360858552,0.95900559425354
4389.741004097137,0.9683778882026672
4390.2056473357225,0.9760237336158752
4390.670290574308,0.9776418209075928
4391.134933812893,0.9809487462043762
4391.599577051478,0.9911765456199646
4392.064220290064,0.9998905658721924
4392.52886352865,1.0001238584518433
4392.993506767235,1.0028272867202759
4393.45815000582,1.0071337223052979
4393.9227932444055,1.005637764930725
4394.387436482991,1.0013664960861206
4394.852079721576,1.002894639968872
4395.316722960161,1.0071532726287842
4395.781366198747,1.004960536956787
4396.246009437332,1.0050690174102783
4396.710652675917,1.001779556274414
4397.175295914502,1.0046347379684448
4397.639939153088,1.0081239938735962
4398.104582391673,1.0073162317276
4398.569225630258,1.0044397115707397
4399.0338688688435,1.0014989376068115
4399.49851210743,1.0033180713653564
4399.963155346015,1.0066763162612915
4400.4277985846,1.000836968421936
4400.892441823185,1.0031121969223022
4401.357085061771,1.0089775323867798
4401.821728300356,1.0051349401474
4402.286371538941,0.9988849759101868
4402.7510147775265,1.000596284866333
4403.215658016112,0.998676061630249
4403.680301254697,1.0032039880752563
4404.144944493282,1.004145860671997
4404.609587731868,0.9986860156059265
4405.074230970453,0.9939956068992615
4405.538874209038,0.9990749955177307
4406.003517447623,0.9993705749511719
4406.468160686209,1.0014469623565674
4406.932803924794,1.0024566650390625
4407.397447163379,0.9989654421806335
4407.862090401964,0.9963861703872681
4408.326733640551,1.0031747817993164
4408.791376879136,1.0060961246490479
4409.256020117721,0.9985391497612
4409.720663356306,0.9957186579704285
4410.185306594892,0.9977774024009705
4410.649949833477,1.0012693405151367
4411.114593072062,1.0002760887145996
4411.5792363106475,0.99906325340271
4412.043879549233,1.003647804260254
4412.508522787818,1.002990961074829
4412.973166026403,0.9976315498352051
4413.437809264989,0.9946720600128174
4413.902452503574,0.9918292164802551
4414.367095742159,0.9911110401153564
4414.831738980744,0.9940952658653259
4415.296382219331,0.991794764995575
4415.761025457916,0.9889996647834778
4416.225668696501,0.9894888997077942
4416.690311935086,0.9847263693809509
4417.154955173672,0.9849117994308472
4417.619598412257,0.9887804985046387
4418.084241650842,0.9863894581794739
4418.548884889427,0.9846036434173584
4419.013528128013,0.9813186526298523
4419.478171366598,0.9806559681892395
4419.942814605183,0.9808810949325562
4420.4074578437685,0.981748640537262
4420.872101082354,0.9785451889038086
4421.336744320939,0.9795355200767517
4421.801387559524,0.9820851683616638
4422.26603079811,0.9808103442192078
4422.730674036695,0.9752040505409241
4423.19531727528,0.9758083820343018
4423.659960513865,0.9758661389350891
4424.124603752452,0.9719992876052856
4424.589246991037,0.9694861173629761
4425.053890229622,0.9659894704818726
4425.518533468207,0.9639797806739807
4425.983176706793,0.9629886150360107
4426.447819945378,0.9610552191734314
4426.912463183963,0.9646722078323364
4427.377106422548,0.9582960605621338
4427.841749661134,0.9574085474014282
4428.306392899719,0.9600726366043091
4428.771036138304,0.9619381427764893
4429.2356793768895,0.9655635952949524
4429.700322615475,0.9631400108337402
4430.16496585406,0.9643859267234802
4430.629609092645,0.9619135856628418
4431.094252331231,0.9659855365753174
4431.558895569817,0.9629607796669006
4432.023538808402,0.9680081009864807
4432.488182046987,0.9674357175827026
4432.9528252855725,0.9605488181114197
4433.417468524158,0.9635304808616638
4433.882111762743,0.9629374146461487
4434.346755001328,0.9665678143501282
4434.811398239914,0.9745756983757019
4435.276041478499,0.9723011255264282
4435.740684717084,0.9647596478462219
4436.205327955669,0.9647049307823181
4436.669971194255,0.9674674272537231
4437.13461443284,0.9632794260978699
4437.599257671425,0.9662876725196838
4438.0639009100105,0.9758508205413818
4438.528544148596,0.9814702868461609
4438.993187387181,0.9830389618873596
4439.457830625766,0.9892328381538391
4439.9224738643525,0.9844830632209778
4440.387117102938,0.9828570485115051
4440.851760341523,0.9835820198059082
4441.316403580108,0.987768828868866
4441.7810468186935,0.9895109534263611
4442.245690057279,0.9953213930130005
4442.710333295864,0.9981431365013123
4443.174976534449,0.9991657137870789
4443.639619773035,0.9979014992713928
4444.10426301162,0.9976886510848999
4444.568906250205,0.9999200105667114
4445.03354948879,0.9951949119567871
4445.498192727376,0.9956596493721008
4445.962835965961,0.9946234226226807
4446.427479204546,0.9907209277153015
4446.8921224431315,0.9915248155593872
4447.356765681718,0.9959888458251953
4447.821408920303,0.9982555508613586
4448.286052158888,0.9970719218254089
4448.7506953974735,0.9997660517692566
4449.215338636059,0.9985029697418213
4449.679981874644,0.9966481924057007
4450.144625113229,0.998574435710907
4450.6092683518145,0.9985852837562561
4451.0739115904,0.9981117248535156
4451.538554828985,0.9961550831794739
4452.00319806757,0.9976118206977844
4452.467841306156,0.9992354512214661
4452.932484544741,0.9945563077926636
4453.397127783326,0.9949167370796204
4453.861771021911,1.000901460647583
4454.326414260497,1.0017446279525757
4454.791057499082,0.9963769912719727
4455.255700737667,0.9957236051559448
4455.720343976253,0.9974460601806641
4456.184987214839,0.9961917400360107
4456.649630453424,0.9991803765296936
4457.114273692009,1.0022504329681396
4457.5789169305945,1.0032941102981567
4458.04356016918,1.0028594732284546
4458.508203407765,1.0023540258407593
4458.97284664635,1.0002853870391846
4459.4374898849355,1.000901222229004
4459.902133123521,1.0002784729003906
4460.366776362106,1.0011866092681885
4460.831419600691,0.9989413619041443
4461.296062839277,0.9988778233528137
4461.760706077862,1.0023763179779053
4462.225349316447,0.995089054107666
4462.689992555032,0.9936176538467407
4463.154635793619,0.9968008399009705
4463.619279032204,0.9900217056274414
4464.083922270789,0.994938313961029
4464.548565509374,0.9916446805000305
4465.01320874796,0.9935001134872437
4465.477851986545,0.9977092146873474
4465.94249522513,0.9954870939254761
4466.4071384637155,0.9937670826911926
4466.871781702301,0.9857376217842102
4467.336424940886,0.986035168170929
4467.801068179471,0.9789788722991943
4468.2657114180565,0.9635879397392273
4468.730354656642,0.949553370475769
4469.194997895227,0.9272616505622864
4469.659641133812,0.9068268537521362
4470.124284372398,0.8798071146011353
4470.588927610983,0.864975094795227
4471.053570849568,0.8679038882255554
4471.518214088154,0.8804148435592651
4471.98285732674,0.9062381982803345
4472.447500565325,0.940108597278595
4472.91214380391,0.9596507549285889
4473.376787042495,0.9740013480186462
4473.841430281081,0.9818753600120544
4474.306073519666,0.9861514568328857
4474.770716758251,0.9889019131660461
4475.235359996836,0.990856409072876
4475.700003235422,1.0000463724136353
4476.164646474007,0.9922402501106262
4476.629289712592,0.9932882189750671
4477.0939329511775,0.9950999021530151
4477.558576189763,0.9931626319885254
4478.023219428348,0.9880131483078003
4478.487862666933,0.9831604957580566
4478.9525059055195,0.9674662947654724
4479.417149144105,0.9400333166122437
4479.88179238269,0.9141251444816589
4480.346435621275,0.8907632827758789
4480.811078859861,0.8876360654830933
4481.275722098446,0.9081730842590332
4481.740365337031,0.9404569268226624
4482.205008575616,0.9711587429046631
4482.669651814202,0.9935891628265381
4483.134295052787,0.9963269233703613
4483.598938291372,0.993103563785553
4484.063581529957,0.9982630014419556
4484.528224768543,0.9999347925186157
4484.992868007128,0.9985870718955994
4485.457511245713,0.999602198600769
4485.9221544842985,0.9993287324905396
4486.386797722884,1.0024198293685913
4486.851440961469,1.0034074783325195
4487.316084200055,1.0018010139465332
4487.7807274386405,0.9998948574066162
4488.245370677226,0.9987133741378784
4488.710013915811,0.9963340759277344
4489.174657154396,1.0002328157424927
4489.639300392982,1.0014973878860474
4490.103943631567,1.0015289783477783
4490.568586870152,1.0003050565719604
4491.033230108737,0.9971089363098145
4491.497873347323,1.000171422958374
4491.962516585908,1.0031694173812866
4492.427159824493,1.0019268989562988
4492.891803063078,1.0012577772140503
4493.356446301664,1.0003440380096436
4493.821089540249,1.0006787776947021
4494.285732778834,1.0001736879348755
4494.75037601742,1.0031328201293945
4495.215019256006,1.004621982574463
4495.679662494591,1.0038098096847534
4496.144305733176,1.0017470121383667
4496.6089489717615,1.0029350519180298
4497.073592210347,1.0077953338623047
4497.538235448932,1.0068620443344116
4498.002878687517,1.0049090385437012
4498.467521926103,1.0056235790252686
4498.932165164688,0.9991937875747681
4499.396808403273,0.9961633086204529
4499.861451641858,0.9972068667411804
4500.326094880444,0.9915550947189331
4500.790738119029,0.992072582244873
4501.255381357614,0.9903132319450378
4501.720024596199,0.9892012476921082
4502.184667834785,0.9891183376312256
4502.64931107337,0.9910342693328857
4503.113954311956,0.9953333735466003
4503.578597550541,0.9967372417449951
4504.043240789127,1.0003409385681152
4504.507884027712,1.000243067741394
4504.972527266297,0.9985363483428955
4505.4371705048825,0.9996190667152405
4505.901813743468,1.0011030435562134
4506.366456982053,1.0004440546035767
4506.831100220638,0.9982211589813232
4507.295743459224,0.9958469867706299
4507.760386697809,0.9986246228218079
4508.225029936394,1.0016425848007202
4508.689673174979,1.0020345449447632
4509.154316413565,1.0016855001449585
4509.61895965215,1.0011873245239258
4510.083602890735,1.0034689903259277
4510.548246129321,1.0070511102676392
4511.012889367907,1.0064562559127808
4511.477532606492,1.0017033815383911
4511.942175845077,1.002191424369812
4512.406819083662,1.0039664506912231
4512.871462322248,1.0018808841705322
4513.336105560833,1.0025560855865479
4513.800748799418,1.0036370754241943
4514.2653920380035,1.005059003829956
4514.730035276589,1.0020995140075684
4515.194678515174,1.0024417638778687
4515.659321753759,1.001200795173645
4516.123964992345,1.0003554821014404
4516.58860823093,1.002727746963501
4517.053251469515,1.0036838054656982
4517.5178947081,1.0029869079589844
4517.982537946686,1.0077664852142334
4518.447181185271,1.0053424835205078
4518.911824423856,1.004332184791565
4519.376467662442,1.0059353113174438
4519.841110901028,1.0066264867782593
4520.305754139613,1.0025148391723633
4520.770397378198,0.9972367286682129
4521.235040616783,0.9980895519256592
4521.699683855369,0.9997969269752502
4522.164327093954,1.0012097358703613
4522.628970332539,0.9992409944534302
4523.0936135711245,1.0011073350906372
4523.55825680971,0.9978260397911072
4524.022900048295,0.9949978590011597
4524.48754328688,0.9980227947235107
4524.952186525466,1.0000665187835693
4525.416829764051,0.9985246062278748
4525.881473002636,0.9966192841529846
4526.346116241222,0.9990014433860779
4526.8107594798075,1.000963568687439
4527.275402718393,1.0013928413391113
4527.740045956978,0.9988833665847778
4528.204689195563,0.9997791647911072
4528.669332434149,0.9978504180908203
4529.133975672734,1.0003399848937988
4529.598618911319,1.0017155408859253
4530.063262149904,1.000839352607727
4530.52790538849,1.002760648727417
4530.992548627075,1.0012264251708984
4531.45719186566,1.0027273893356323
4531.9218351042455,1.0029412508010864
4532.386478342831,0.9989297986030579
4532.851121581416,0.9976922869682312
4533.315764820001,0.9995855689048767
4533.7804080585865,0.9997580051422119
4534.245051297172,0.9960018992424011
4534.709694535757,0.9964718818664551
4535.174337774343,1.0029323101043701
4535.6389810129285,1.0017632246017456
4536.103624251514,1.0063806772232056
4536.568267490099,1.0060558319091797
4537.032910728684,1.0045459270477295
4537.49755396727,1.0062048435211182
4537.962197205855,1.0038337707519531
4538.42684044444,0.9996517300605774
4538.891483683025,1.0028609037399292
4539.356126921611,1.0017107725143433
4539.820770160196,1.0001567602157593
4540.285413398781,1.0000288486480713
4540.7500566373665,0.9976105690002441
4541.214699875952,0.9999807476997375
4541.679343114537,1.003232479095459
4542.143986353123,1.0025219917297363
4542.608629591708,1.0026253461837769
4543.073272830294,1.004610300064087
4543.537916068879,1.003574013710022
4544.002559307464,1.000229835510254
4544.4672025460495,0.9994953870773315
4544.931845784635,1.0024104118347168
4545.39648902322,1.0039265155792236
4545.861132261805,0.9999302625656128
4546.325775500391,0.9990322589874268
4546.790418738976,0.9991426467895508
4547.255061977561,0.9990251660346985
4547.719705216146,0.9970741868019104
4548.184348454732,0.996008038520813
4548.648991693317,1.001526117324829
4549.113634931902,0.9990592002868652
4549.5782781704875,0.99916672706604
4550.042921409073,1.0040735006332397
4550.507564647658,0.9988742470741272
4550.972207886244,0.9947108626365662
4551.436851124829,0.9906589984893799
4551.901494363415,0.9961214065551758
4552.366137602,0.9963208436965942
4552.830780840585,0.9962682723999023
4553.2954240791705,0.9987930059432983
4553.760067317756,0.9998246431350708
4554.224710556341,1.0001293420791626
4554.689353794926,1.0020523071289062
4555.153997033512,0.9988157153129578
4555.618640272097,0.9996368885040283
4556.083283510682,1.0022674798965454
4556.547926749267,1.0002671480178833
4557.012569987853,1.003925085067749
4557.477213226438,1.0037602186203003
4557.941856465024,0.9986236095428467
4558.406499703609,0.9973396062850952
4558.871142942195,0.9956409335136414
4559.33578618078,0.9981191754341125
4559.800429419365,1.0018887519836426
4560.26507265795,1.0014188289642334
4560.729715896536,0.9985323548316956
4561.194359135121,0.997638463973999
4561.659002373706,1.0009899139404297
4562.1236456122915,0.9997228980064392
4562.588288850877,0.9999829530715942
4563.052932089462,1.0040851831436157
4563.517575328047,1.0011658668518066
4563.982218566633,1.0005971193313599
4564.446861805218,1.0033981800079346
4564.911505043803,0.9991207122802734
4565.376148282388,0.9914861917495728
4565.840791520974,0.9950301051139832
4566.305434759559,0.998883068561554
4566.770077998145,0.9991989731788635
4567.23472123673,0.9955551624298096
4567.699364475316,0.9915671944618225
4568.164007713901,0.9969462752342224
4568.628650952486,0.9984739422798157
4569.093294191071,0.9994444847106934
4569.557937429657,0.9999880194664001
4570.022580668242,1.000119686126709
4570.487223906827,1.003343939781189
4570.9518671454125,1.0025525093078613
4571.416510383998,1.0022021532058716
4571.881153622583,1.001042127609253
4572.345796861168,1.0028964281082153
4572.810440099754,0.9981930255889893
4573.275083338339,1.0011218786239624
4573.739726576925,0.9999006986618042
4574.20436981551,0.9955657720565796
4574.669013054096,0.9970489144325256
4575.133656292681,0.9928066730499268
4575.598299531266,0.9931780099868774
4576.062942769851,0.9920437335968018
4576.527586008437,0.9928646087646484
4576.992229247022,0.9944813251495361
4577.456872485607,0.9951997399330139
4577.921515724192,0.9955943822860718
4578.386158962778,0.9899389743804932
4578.850802201363,0.9899545907974243
4579.315445439948,0.9967268109321594
4579.7800886785335,0.9942010641098022
4580.244731917119,0.9942313432693481
4580.709375155704,0.9950557351112366
4581.174018394289,0.9976816177368164
4581.638661632875,1.0020899772644043
4582.10330487146,1.0048093795776367
4582.567948110045,0.9974196553230286
4583.032591348631,1.0007275342941284
4583.497234587217,0.9988308548927307
4583.961877825802,0.9983684420585632
4584.426521064387,1.0019456148147583
4584.891164302972,0.9984945058822632
4585.355807541558,0.996056079864502
4585.820450780143,0.9953838586807251
4586.285094018728,0.9954801797866821
4586.749737257313,0.9946138262748718
4587.214380495899,0.9947839379310608
4587.679023734484,0.9952465295791626
4588.143666973069,0.9917547106742859
4588.6083102116545,0.9910343885421753
4589.07295345024,0.9913637638092041
4589.537596688826,0.9924562573432922
4590.002239927411,0.9925967454910278
4590.4668831659965,0.9961525201797485
4590.931526404582,0.9887211322784424
4591.396169643167,0.9916680455207825
4591.860812881752,0.9973673820495605
4592.325456120338,0.994454562664032
4592.790099358923,0.9909767508506775
4593.254742597508,0.9977176189422607
4593.719385836093,0.9948123097419739
4594.184029074679,0.9938538074493408
4594.648672313264,0.9933822751045227
4595.113315551849,0.9935240745544434
4595.577958790434,0.9950314164161682
4596.04260202902,0.9961617588996887
4596.507245267605,0.992817759513855
4596.97188850619,0.9952960014343262
4597.4365317447755,0.9922616481781006
4597.901174983361,0.9926689267158508
4598.365818221946,0.9949443936347961
4598.830461460532,0.995988130569458
4599.2951046991175,0.9933489561080933
4599.759747937703,0.9930449724197388
4600.224391176288,0.9932894110679626
4600.689034414873,0.9981423020362854
4601.1536776534585,0.9967326521873474
4601.618320892044,0.9956573843955994
4602.082964130629,0.9958006739616394
4602.547607369214,0.9929375052452087
4603.0122506078,0.9950140118598938
4603.476893846385,0.9986388087272644
4603.94153708497,0.9927882552146912
4604.406180323555,0.9935622811317444
4604.870823562141,0.992211103439331
4605.335466800726,0.9983527660369873
4605.800110039312,0.9947957396507263
4606.264753277897,0.9941617250442505
4606.729396516483,0.9940884113311768
4607.194039755068,0.993215024471283
4607.658682993653,0.994795560836792
4608.1233262322385,0.9958658814430237
4608.587969470824,0.9982506036758423
4609.052612709409,0.9984049797058105
4609.517255947994,0.9960088133811951
4609.9818991865795,0.9957627654075623
4610.446542425165,0.9989217519760132
4610.91118566375,0.9987495541572571
4611.375828902335,0.9945005774497986
4611.840472140921,0.9966127872467041
4612.305115379506,0.995179295539856
4612.769758618091,0.9939839243888855
4613.234401856676,0.9951878786087036
4613.699045095262,0.9991163015365601
4614.163688333847,0.9985628724098206
4614.628331572433,0.9956657886505127
4615.092974811018,0.997192919254303
4615.557618049604,0.9984434247016907
4616.022261288189,0.994702935218811
4616.486904526774,0.9956182241439819
4616.9515477653595,0.9967541694641113
4617.416191003945,0.9913885593414307
4617.88083424253,0.9898558855056763
4618.345477481115,0.9920442700386047
4618.8101207197005,0.9930613040924072
4619.274763958286,0.9912793040275574
4619.739407196871,0.992332935333252
4620.204050435456,0.9865779280662537
4620.668693674042,0.9864152073860168
4621.133336912627,0.9891698360443115
4621.597980151213,0.9926449060440063
4622.062623389798,0.9954947829246521
4622.527266628384,0.9967799782752991
4622.991909866969,0.9985880851745605
4623.456553105554,0.9985647201538086
4623.921196344139,0.9992305636405945
4624.385839582725,0.9969511032104492
4624.85048282131,1.0027364492416382
4625.315126059895,1.0037921667099
4625.7797692984805,1.0005544424057007
4626.244412537066,0.9981588125228882
4626.709055775651,1.0010902881622314
4627.173699014236,1.0006988048553467
4627.6383422528215,0.9968324303627014
4628.102985491407,0.9995483756065369
4628.567628729992,1.001001238822937
4629.032271968577,1.0012404918670654
4629.496915207163,1.0005719661712646
4629.961558445748,1.0033363103866577
4630.426201684334,1.0009797811508179
4630.890844922919,0.9934486746788025
4631.355488161505,0.9964578747749329
4631.82013140009,0.9999310970306396
4632.284774638675,1.0017807483673096
4632.74941787726,1.0016065835952759
4633.214061115846,0.9930262565612793
4633.678704354431,0.9929638504981995
4634.143347593016,0.9943350553512573
4634.6079908316015,0.9916506409645081
4635.072634070187,0.9928932189941406
4635.537277308772,0.9924803972244263
4636.001920547357,0.9933210015296936
4636.4665637859425,0.9972256422042847
4636.931207024528,0.9984647035598755
4637.395850263114,0.9914510250091553
4637.860493501699,0.9954466223716736
4638.3251367402845,0.9996730089187622
4638.78977997887,0.9998003244400024
4639.254423217455,1.0010669231414795
4639.71906645604,0.9998792409896851
4640.183709694626,0.9985612034797668
4640.648352933211,1.0049254894256592
4641.112996171796,1.0014938116073608
4641.577639410381,1.0003211498260498
4642.042282648967,1.0014077425003052
4642.506925887552,1.0034403800964355
4642.971569126137,1.007073998451233
4643.436212364722,1.004583477973938
4643.900855603308,1.0029423236846924
4644.365498841893,1.0019888877868652
4644.830142080478,0.9989355206489563
4645.2947853190635,1.0030831098556519
4645.759428557649,1.0041273832321167
4646.224071796235,1.000442385673523
4646.68871503482,0.9988695383071899
4647.1533582734055,1.0041117668151855
4647.618001511991,1.0062810182571411
4648.082644750576,1.002300500869751
4648.547287989161,1.0027328729629517
4649.011931227747,0.9990553855895996
4649.476574466332,0.9976868033409119
4649.941217704917,1.0013761520385742
4650.405860943502,0.9997825622558594
4650.870504182088,0.9998418092727661
4651.335147420673,1.0005148649215698
4651.799790659258,1.000365138053894
4652.264433897843,1.0040385723114014
4652.729077136429,1.003922700881958
4653.193720375015,1.0035406351089478
4653.6583636136,1.0024127960205078
4654.123006852185,1.0068246126174927
4654.587650090771,1.0057878494262695
4655.052293329356,1.0034185647964478
4655.516936567941,1.0009758472442627
4655.9815798065265,0.9995771050453186
4656.446223045112,1.0008487701416016
4656.910866283697,0.9976287484169006
4657.375509522282,1.0004652738571167
4657.840152760868,1.006460428237915
4658.304795999453,1.0060160160064697
4658.769439238038,1.0045154094696045
4659.234082476623,1.005732536315918
4659.698725715209,0.9985468983650208
4660.163368953794,0.9965537190437317
4660.628012192379,0.9972103834152222
4661.092655430964,1.000670075416565
4661.55729866955,0.9950239062309265
4662.021941908136,0.9907483458518982
4662.486585146721,0.9870867133140564
4662.951228385306,0.9900884032249451
4663.415871623892,0.9938588738441467
4663.880514862477,0.9964914321899414
4664.345158101062,1.0011382102966309
4664.8098013396475,0.999259889125824
4665.274444578233,0.9990232586860657
4665.739087816818,0.9941925406455994
4666.203731055403,0.9897044897079468
4666.668374293989,0.9909523725509644
4667.133017532574,0.9903534650802612
4667.597660771159,0.9916684627532959
4668.062304009744,0.9881587028503418
4668.52694724833,0.9884454607963562
4668.991590486916,0.9908159375190735
4669.456233725501,0.9965251684188843
4669.920876964086,0.9932950139045715
4670.385520202672,0.9947933554649353
4670.850163441257,1.001806616783142
4671.314806679842,0.9993607997894287
4671.779449918427,1.0003987550735474
4672.244093157013,0.9986450672149658
4672.708736395598,0.9930312037467957
4673.173379634183,0.99454265832901
4673.6380228727685,0.9938540458679199
4674.102666111354,0.99945467710495
4674.567309349939,0.9975667595863342
4675.031952588524,0.9967300295829773
4675.49659582711,0.9986603856086731
4675.961239065695,0.9971162676811218
4676.42588230428,1.0006366968154907
4676.890525542865,1.0005372762680054
4677.355168781451,1.0080894231796265
4677.819812020037,1.001875877380371
4678.284455258622,1.00233793258667
4678.749098497207,1.0007274150848389
4679.213741735793,0.9953075647354126
4679.678384974378,1.0019934177398682
4680.143028212963,1.0026414394378662
4680.607671451548,0.9957205057144165
4681.072314690134,0.9967454075813293
4681.536957928719,0.9948843121528625
4682.001601167304,0.9985696077346802
4682.4662444058895,1.0038206577301025
4682.930887644475,0.9974191784858704
4683.39553088306,0.994629979133606
4683.860174121645,1.0008807182312012
4684.324817360231,1.006137728691101
4684.789460598817,1.0031709671020508
4685.254103837402,1.000307321548462
4685.718747075987,1.004957914352417
4686.1833903145725,1.0088605880737305
4686.648033553158,1.0074774026870728
4687.112676791743,1.0057588815689087
4687.577320030328,1.0018906593322754
4688.041963268914,1.0052706003189087
4688.506606507499,1.0056045055389404
4688.971249746084,1.0012624263763428
4689.435892984669,0.9999417662620544
4689.900536223255,1.0011341571807861
4690.36517946184,1.0002412796020508
4690.829822700425,1.0051920413970947
4691.2944659390105,1.0060001611709595
4691.759109177596,1.002985954284668
4692.223752416181,0.9995177388191223
4692.688395654766,1.0044492483139038
4693.153038893352,1.0055768489837646
4693.617682131938,1.0038840770721436
4694.082325370523,1.0023088455200195
4694.546968609108,1.0003129243850708
4695.0116118476935,1.0054783821105957
4695.476255086279,1.0014216899871826
4695.940898324864,1.0017540454864502
4696.405541563449,0.9958601593971252
4696.870184802035,1.004936695098877
4697.33482804062,1.0032551288604736
4697.799471279205,1.0064256191253662
4698.26411451779,1.001086711883545
4698.728757756376,1.0015190839767456
4699.193400994961,1.0032408237457275
4699.658044233546,1.0098011493682861
4700.1226874721315,1.0060075521469116
4700.587330710718,1.0018959045410156
4701.051973949303,1.0067996978759766
4701.516617187888,1.0073665380477905
4701.981260426473,1.000223994255066
4702.445903665059,1.0011792182922363
4702.910546903644,1.0042005777359009
4703.375190142229,1.0050580501556396
4703.8398333808145,1.0042030811309814
4704.3044766194,1.0077705383300781
4704.769119857985,1.002577543258667
4705.23376309657,1.0012613534927368
4705.698406335156,1.0023939609527588
4706.163049573741,0.9996638894081116
4706.627692812326,1.0017461776733398
4707.092336050911,1.004522442817688
4707.556979289497,1.005366325378418
4708.021622528082,1.0014115571975708
4708.486265766667,1.0053277015686035
4708.9509090052525,1.0016781091690063
4709.415552243838,1.0033905506134033
4709.880195482424,1.0010732412338257
4710.344838721009,1.0041409730911255
4710.809481959594,0.9997332692146301
4711.27412519818,0.9909780621528625
4711.738768436765,0.9815850257873535
4712.20341167535,0.9717593789100647
4712.6680549139355,0.9647387862205505
4713.132698152521,0.9649091958999634
4713.597341391106,0.9768422245979309
4714.061984629691,0.9930421113967896
4714.526627868277,0.9930192828178406
4714.991271106862,0.9976520538330078
4715.455914345447,0.9972425699234009
4715.920557584032,0.9986465573310852
4716.385200822619,0.9948122501373291
4716.849844061204,0.9951632618904114
4717.314487299789,0.9999997615814209
4717.779130538374,0.9978601336479187
4718.24377377696,1.0012290477752686
4718.708417015545,1.0030138492584229
4719.17306025413,0.9999563097953796
4719.637703492715,0.9981570839881897
4720.102346731301,0.9996938705444336
4720.566989969886,1.0009733438491821
4721.031633208471,0.9977699518203735
4721.4962764470565,0.9993879795074463
4721.960919685642,0.9974441528320312
4722.425562924227,0.9979546070098877
4722.890206162812,0.9997747540473938
4723.354849401398,0.9976409077644348
4723.819492639983,0.9921818971633911
4724.284135878568,0.9897150993347168
4724.748779117153,0.9890009760856628
4725.213422355739,0.9840733408927917
4725.678065594325,0.9732130169868469
4726.14270883291,0.9658331274986267
4726.607352071495,0.9644972085952759
4727.071995310081,0.9692557454109192
4727.536638548666,0.9716412425041199
4728.001281787251,0.9758435487747192
4728.465925025836,0.9779059886932373
4728.930568264422,0.9834774136543274
4729.395211503007,0.9892033934593201
4729.859854741592,0.9887683391571045
4730.3244979801775,0.9958963990211487
4730.789141218763,0.9973768591880798
4731.253784457348,0.9965502619743347
4731.718427695933,0.9990907311439514
4732.183070934519,0.9978411793708801
4732.647714173105,0.999389111995697
4733.11235741169,0.9986677765846252
4733.577000650275,1.000893473625183
4734.041643888861,0.9944310784339905
4734.506287127446,0.9908266663551331
4734.970930366031,0.9967966675758362
4735.435573604616,0.9995197057723999
4735.900216843202,0.9919406175613403
4736.364860081787,0.9943706393241882
4736.829503320372,0.9983395338058472
4737.294146558957,0.99773108959198
4737.758789797543,0.9955313205718994
4738.223433036128,0.99343341588974
4738.688076274713,0.9938247203826904
4739.1527195132985,0.9919129610061646
4739.617362751884,0.9929532408714294
4740.082005990469,0.9939247965812683
4740.546649229054,0.9994321465492249
4741.01129246764,1.0023609399795532
4741.475935706226,0.9991490840911865
4741.940578944811,0.999685525894165
4742.405222183396,0.9961615800857544
4742.869865421982,1.0018373727798462
4743.334508660567,1.0040175914764404
4743.799151899152,0.9999383687973022
4744.263795137737,1.0006239414215088
4744.728438376323,0.9990901947021484
4745.193081614908,1.0058327913284302
4745.657724853493,1.0023479461669922
4746.122368092078,1.004717469215393
4746.587011330664,1.0059700012207031
4747.051654569249,0.9985591769218445
4747.516297807834,1.0004349946975708
4747.9809410464195,1.0068477392196655
4748.445584285006,1.0010393857955933
4748.910227523591,0.9989202618598938
4749.374870762176,0.9981703162193298
4749.8395140007615,0.9951550960540771
4750.304157239347,1.0004581212997437
4750.768800477932,1.005785346031189
4751.233443716517,0.9974018335342407
4751.698086955103,0.9978357553482056
4752.162730193688,0.9989786148071289
4752.627373432273,1.000810980796814
4753.092016670858,0.9969209432601929
4753.556659909444,0.9929525852203369
4754.021303148029,0.9936849474906921
4754.485946386614,0.996510922908783
4754.950589625199,0.9977927803993225
4755.415232863785,0.9934481978416443
4755.87987610237,0.9956342577934265
4756.344519340955,0.9980453848838806
4756.8091625795405,0.9963650107383728
4757.273805818127,0.9976683259010315
4757.738449056712,0.9979284405708313
4758.203092295297,0.9948919415473938
4758.6677355338825,0.9965459108352661
4759.132378772468,0.9905286431312561
4759.597022011053,0.9899789690971375
4760.061665249638,0.9923126101493835
4760.526308488224,0.9867219924926758
4760.990951726809,0.9870479702949524
4761.455594965394,0.9797118902206421
4761.920238203979,0.9823421239852905
4762.384881442565,0.9759888052940369
4762.84952468115,0.9741175770759583
4763.314167919735,0.9773889183998108
4763.77881115832,0.984126627445221
4764.243454396907,0.9873003363609314
4764.708097635492,0.9854682087898254
4765.172740874077,0.9892014265060425
4765.637384112662,0.9894211292266846
4766.102027351248,0.9932180643081665
4766.566670589833,0.9892391562461853
4767.031313828418,0.9876482486724854
4767.4959570670035,0.9944096803665161
4767.960600305589,0.9974080324172974
4768.425243544174,0.9929986596107483
4768.889886782759,0.9970108270645142
4769.3545300213445,0.9964431524276733
4769.81917325993,0.9928960800170898
4770.283816498515,0.9881651401519775
4770.7484597371,0.9926623106002808
4771.213102975686,0.9944770336151123
4771.677746214271,0.9885430335998535
4772.142389452856,0.9843971729278564
4772.607032691441,0.9866116642951965
4773.071675930028,0.9899415373802185
4773.536319168613,0.987269401550293
4774.000962407198,0.9876013994216919
4774.465605645783,0.9925061464309692
4774.930248884369,0.9951767921447754
4775.394892122954,0.9897928237915039
4775.859535361539,0.9915407299995422
4776.3241786001245,0.9897031784057617
4776.78882183871,0.9927214980125427
4777.253465077295,0.9949936866760254
4777.71810831588,0.9898772835731506
4778.1827515544655,0.9858863353729248
4778.647394793051,0.9872387051582336
4779.112038031636,0.9916650652885437
4779.576681270221,0.9903983473777771
4780.0413245088075,0.9887534976005554
4780.505967747393,0.9869524240493774
4780.970610985978,0.9938246607780457
4781.435254224563,0.9976504445075989
4781.899897463149,0.9930931925773621
4782.364540701734,0.9969446659088135
4782.829183940319,0.9969522356987
4783.293827178904,0.9992696046829224
4783.75847041749,1.0035940408706665
4784.223113656075,1.0016499757766724
4784.68775689466,1.0007240772247314
4785.1524001332455,0.9959464073181152
4785.617043371831,0.9983406066894531
4786.081686610416,1.0023597478866577
4786.546329849001,1.0059008598327637
4787.0109730875865,0.9998764395713806
4787.475616326172,1.0016952753067017
4787.940259564757,1.0030120611190796
4788.404902803342,1.001111626625061
4788.8695460419285,1.004777431488037
4789.334189280514,0.9970357418060303
4789.798832519099,0.9942092895507812
4790.263475757684,0.9975924491882324
4790.72811899627,1.0007119178771973
4791.192762234855,1.0006606578826904
4791.65740547344,0.9973379969596863
4792.122048712025,0.9951451420783997
4792.586691950611,0.9974946975708008
4793.051335189196,1.002321481704712
4793.515978427781,1.005020260810852
4793.9806216663665,1.0032786130905151
4794.445264904952,1.0008714199066162
4794.909908143537,0.9967501759529114
4795.374551382122,1.0024373531341553
4795.839194620708,1.0044158697128296
4796.303837859294,1.0005677938461304
4796.768481097879,0.9929567575454712
4797.233124336464,0.9965134859085083
4797.6977675750495,1.002537727355957
4798.162410813635,0.9993813633918762
4798.62705405222,0.9982559084892273
4799.091697290805,1.0031123161315918
4799.556340529391,1.0031543970108032
4800.020983767976,1.0004374980926514
4800.485627006561,1.00057852268219
4800.950270245146,0.9978455305099487
4801.414913483732,0.9988110661506653
4801.879556722317,0.9980400204658508
4802.344199960902,0.9977220892906189
4802.8088431994875,0.9980244040489197
4803.273486438073,0.9966099858283997
4803.738129676658,1.0009592771530151
4804.202772915243,1.0027287006378174
4804.667416153829,1.0080676078796387
4805.132059392415,1.005558967590332
4805.596702631,1.001490592956543
4806.061345869585,0.9991652369499207
4806.5259891081705,1.0012649297714233
4806.990632346756,1.0014007091522217
4807.455275585341,1.0061792135238647
4807.919918823926,1.00532865524292
4808.384562062512,1.0051906108856201
4808.849205301097,1.0035649538040161
4809.313848539682,1.0025663375854492
4809.778491778267,0.9998633861541748
4810.243135016853,0.9964916706085205
4810.707778255438,1.0013726949691772
4811.172421494023,1.0069469213485718
4811.637064732609,1.00397789478302
4812.101707971195,1.0059490203857422
4812.56635120978,1.0044233798980713
4813.030994448365,1.0030131340026855
4813.49563768695,1.0013530254364014
4813.960280925536,0.9981250166893005
4814.424924164121,0.9960432648658752
4814.889567402706,0.9924296140670776
4815.3542106412915,0.9948970675468445
4815.818853879877,0.9973497986793518
4816.283497118462,0.9986706972122192
4816.748140357047,1.0037275552749634
4817.212783595633,1.0057148933410645
4817.677426834218,0.9995511770248413
4818.142070072803,0.9991518259048462
4818.606713311388,1.0049713850021362
4819.071356549974,1.0029972791671753
4819.535999788559,0.9983954429626465
4820.000643027144,1.0048210620880127
4820.465286265729,1.0078116655349731
4820.929929504316,1.001615285873413
4821.394572742901,1.002659559249878
4821.859215981486,1.0030770301818848
4822.323859220071,1.0037189722061157
4822.788502458657,1.0012959241867065
4823.253145697242,1.001072645187378
4823.717788935827,0.9988630414009094
4824.1824321744125,0.9992719888687134
4824.647075412998,0.9984877109527588
4825.111718651583,0.9972445368766785
4825.576361890168,0.9949938654899597
4826.041005128754,0.9961335062980652
4826.505648367339,0.9933344721794128
4826.970291605924,0.9996746778488159
4827.43493484451,0.9984964728355408
4827.899578083096,0.9995951652526855
4828.364221321681,1.0011920928955078
4828.828864560266,0.9993581175804138
4829.293507798851,1.000302791595459
4829.758151037437,1.0014196634292603
4830.222794276022,0.9954059720039368
4830.687437514607,0.9955281615257263
4831.152080753192,0.9967719912528992
4831.616723991778,0.9953646063804626
4832.081367230363,0.9972277283668518
4832.546010468948,0.9979462623596191
4833.0106537075335,0.9964309334754944
4833.475296946119,0.9909270405769348
4833.939940184704,0.9913028478622437
4834.404583423289,0.9981765151023865
4834.869226661875,0.9967848658561707
4835.33386990046,0.9978742003440857
4835.798513139045,0.9945360422134399
4836.26315637763,0.9929409027099609
4836.7277996162165,0.9927486777305603
4837.192442854802,0.9865131378173828
4837.657086093387,0.98621666431427
4838.121729331972,0.9923614859580994
4838.586372570558,0.9889791011810303
4839.051015809143,0.9809722900390625
4839.515659047728,0.983843207359314
4839.980302286313,0.9867972731590271
4840.444945524899,0.9830595254898071
4840.909588763484,0.9785335063934326
4841.374232002069,0.9734960198402405
4841.8388752406545,0.9786155223846436
4842.30351847924,0.9731900691986084
4842.768161717825,0.9754112958908081
4843.23280495641,0.9776429533958435
4843.6974481949965,0.9704697728157043
4844.162091433582,0.9662572145462036
4844.626734672167,0.9623997807502747
4845.091377910752,0.957244336605072
4845.5560211493375,0.9511306285858154
4846.020664387923,0.9484446048736572
4846.485307626508,0.9482874870300293
4846.949950865093,0.9430781006813049
4847.414594103679,0.9375391006469727
4847.879237342264,0.937217652797699
4848.343880580849,0.9308295845985413
4848.808523819434,0.9235222935676575
4849.27316705802,0.9138022065162659
4849.737810296605,0.9122222065925598
4850.20245353519,0.9014894962310791
4850.6670967737755,0.890199601650238
4851.131740012361,0.8848751187324524
4851.596383250946,0.8745303153991699
4852.061026489531,0.8643258213996887
4852.5256697281175,0.8535355925559998
4852.990312966703,0.8427549600601196
4853.454956205288,0.8386672735214233
4853.919599443873,0.8168743252754211
4854.3842426824585,0.7997941970825195
4854.848885921044,0.7843625545501709
4855.313529159629,0.7652223110198975
4855.778172398214,0.7450587153434753
4856.2428156368,0.7187749743461609
4856.707458875385,0.6964100003242493
4857.17210211397,0.6754739880561829
4857.636745352555,0.658282458782196
4858.101388591141,0.6434420347213745
4858.566031829726,0.6397222876548767
4859.030675068311,0.6788415908813477
4859.495318306897,0.7707311511039734
4859.959961545483,0.9049728512763977
4860.424604784068,1.0392249822616577
4860.889248022653,1.1005510091781616
4861.3538912612385,1.0629972219467163
4861.818534499824,0.9378030896186829
4862.283177738409,0.7823989391326904
4862.747820976994,0.6766997575759888
4863.2124642155795,0.6303228139877319
4863.677107454165,0.6304047107696533
4864.14175069275,0.6489947438240051
4864.606393931335,0.6748444437980652
4865.071037169921,0.695601224899292
4865.535680408506,0.7151093482971191
4866.000323647091,0.7379285097122192
4866.464966885676,0.7591484189033508
4866.929610124262,0.7800347805023193
4867.394253362847,0.7939329743385315
4867.858896601432,0.8107281923294067
4868.323539840018,0.8212403655052185
4868.788183078604,0.8341912627220154
4869.252826317189,0.848212480545044
4869.717469555774,0.8654775619506836
4870.182112794359,0.8709012269973755
4870.646756032945,0.8789446949958801
4871.11139927153,0.8892039060592651
4871.576042510115,0.8995810747146606
4872.0406857487005,0.9076374769210815
4872.505328987286,0.9128403663635254
4872.969972225871,0.9232818484306335
4873.434615464456,0.9281763434410095
4873.899258703042,0.9275960326194763
4874.363901941627,0.9346397519111633
4874.828545180212,0.9381607174873352
4875.293188418798,0.9409465193748474
4875.757831657384,0.9433780908584595
4876.222474895969,0.9445555806159973
4876.687118134554,0.9503652453422546
4877.151761373139,0.954516589641571
4877.616404611725,0.9583917856216431
4878.08104785031,0.9593454003334045
4878.545691088895,0.9651675820350647
4879.01033432748,0.963796079158783
4879.474977566066,0.9625174403190613
4879.939620804651,0.9639413952827454
4880.404264043236,0.9613312482833862
4880.8689072818215,0.9654884934425354
4881.333550520407,0.97222501039505
4881.798193758992,0.9700145721435547
4882.262836997577,0.9732767939567566
4882.727480236163,0.9708248376846313
4883.192123474748,0.9696948528289795
4883.656766713333,0.978529155254364
4884.121409951919,0.9804083108901978
4884.586053190505,0.975731611251831
4885.05069642909,0.97649085521698
4885.515339667675,0.9792658686637878
4885.97998290626,0.9797645211219788
4886.444626144846,0.9813174605369568
4886.909269383431,0.9811394214630127
4887.373912622016,0.984251856803894
4887.838555860601,0.9895341396331787
4888.303199099187,0.9880331754684448
4888.767842337772,0.9853381514549255
4889.232485576357,0.9866700172424316
4889.6971288149425,0.9863028526306152
4890.161772053528,0.9904365539550781
4890.626415292113,0.9929310083389282
4891.091058530699,0.9932774305343628
4891.5557017692845,0.9919785261154175
4892.02034500787,0.9909430742263794
4892.484988246455,0.9902258515357971
4892.94963148504,0.9881885647773743
4893.414274723626,0.9936988949775696
4893.878917962211,0.9950718879699707
4894.343561200796,0.9935189485549927
4894.808204439381,0.9949899315834045
4895.272847677967,1.0001295804977417
4895.737490916552,0.9999303221702576
4896.202134155137,0.9954471588134766
4896.666777393722,0.9981714487075806
4897.131420632308,1.0018573999404907
4897.596063870893,1.00108003616333
4898.060707109478,0.994650661945343
4898.5253503480635,0.9907068014144897
4898.989993586649,0.9943093061447144
4899.454636825234,1.001220703125
4899.91928006382,0.9997122287750244
4900.3839233024055,0.9942957758903503
4900.848566540991,0.9964426755905151
4901.313209779576,0.9955077171325684
4901.777853018161,0.9963374137878418
4902.242496256747,0.9966813325881958
4902.707139495332,0.9987569451332092
4903.171782733917,1.0029451847076416
4903.636425972502,1.00300931930542
4904.101069211088,1.002155065536499
4904.565712449673,1.0029966831207275
4905.030355688258,1.0036295652389526
4905.494998926843,1.004888653755188
4905.959642165429,1.002435326576233
4906.424285404014,1.0054115056991577
4906.8889286426,1.0047420263290405
4907.353571881185,0.9979788064956665
4907.818215119771,1.0013669729232788
4908.282858358356,1.0038111209869385
4908.747501596941,1.0076162815093994
4909.2121448355265,1.007112979888916
4909.676788074112,1.0028258562088013
4910.141431312697,1.0067005157470703
4910.606074551282,1.0071696043014526
4911.070717789868,1.002907395362854
4911.535361028453,1.001857876777649
4912.000004267038,1.006975769996643
4912.464647505623,1.005313515663147
4912.929290744209,1.0006260871887207
4913.393933982794,1.003701090812683
4913.858577221379,1.0010769367218018
4914.323220459964,0.998894214630127
4914.78786369855,1.000226378440857
4915.252506937135,1.0035982131958008
4915.717150175721,1.0037444829940796
4916.181793414306,1.0009278059005737
4916.646436652892,0.9968799948692322
4917.111079891477,0.9973416924476624
4917.575723130062,0.996241569519043
4918.0403663686475,0.9968158602714539
4918.505009607233,0.9984496831893921
4918.969652845818,0.991393506526947
4919.434296084403,0.9824104905128479
4919.898939322989,0.9647780060768127
4920.363582561574,0.9578354954719543
4920.828225800159,0.9467815160751343
4921.292869038744,0.9344882965087891
4921.75751227733,0.9311162233352661
4922.222155515915,0.9413262605667114
4922.686798754501,0.9628171324729919
4923.151441993086,0.9825266003608704
4923.616085231672,0.9940322637557983
4924.080728470257,0.9956086277961731
4924.545371708842,1.0000566244125366
4925.010014947427,1.0041989088058472
4925.474658186013,1.001581072807312
4925.939301424598,0.997433066368103
4926.403944663183,0.9979121088981628
4926.8685879017685,1.0028070211410522
4927.333231140354,1.0029085874557495
4927.797874378939,1.0021462440490723
4928.262517617524,1.0021636486053467
4928.72716085611,1.00315260887146
4929.191804094695,1.003764033317566
4929.65644733328,1.00153386592865
4930.121090571865,1.0008506774902344
4930.585733810451,1.0028780698776245
4931.050377049036,1.0012421607971191
4931.515020287622,0.9975462555885315
4931.979663526207,0.9993857145309448
4932.444306764793,1.0004887580871582
4932.908950003378,1.0008102655410767
4933.373593241963,0.9924889206886292
4933.838236480548,0.9941871166229248
4934.302879719134,0.9984096884727478
4934.767522957719,1.001146912574768
4935.232166196304,0.9996704459190369
4935.6968094348895,1.0014723539352417
4936.161452673475,0.9990476369857788
4936.62609591206,0.999047040939331
4937.090739150645,1.00167977809906
4937.5553823892305,0.9944033622741699
4938.020025627816,0.9982729554176331
4938.484668866402,0.9978427290916443
4938.949312104987,0.9953447580337524
4939.4139553435725,0.9976413249969482
4939.878598582158,0.9976711273193359
4940.343241820743,0.9980642199516296
4940.807885059328,1.0005428791046143
4941.272528297914,0.9978203773498535
4941.737171536499,0.9921351075172424
4942.201814775084,0.95573890209198
